{
    "type": "FeatureCollection",
    "features": [
        {
            "type": "Feature",
            "properties": {
                "Hidden Message": "Made with <3 by IMFA"
            },
            "geometry": {
                "coordinates": [
                    [
                        [
							-89.99883799999999,
							38.798739000000005
                        ],
                        [
							-89.98952700000001,
							38.798739000000005
                        ],
                        [
							-89.98952700000001,
							38.805997999999995
                        ],
                        [
							-89.99883799999999,
							38.805997999999995
                        ],
                        [
							-89.99883799999999,
							38.798739000000005
                        ]
                    ]
                ],
                "type": "Polygon"
            }
        }
    ]
}
