{
    "type": "FeatureCollection",
    "features": [
        {
            "type": "Feature",
            "properties": {
                "Hidden Message": "Made with <3 by IMFA"
            },
            "geometry": {
                "coordinates": [
                    [
                        [
							-90.02344140000001,
							38.777363599999994
                        ],
                        [
							-89.9548396,
							38.777363599999994
                        ],
                        [
							-89.9548396,
							38.8099934
                        ],
                        [
							-90.02344140000001,
							38.8099934
                        ],
                        [
							-90.02344140000001,
							38.777363599999994
                        ]
                    ]
                ],
                "type": "Polygon"
            }
        }
    ]
}
