{
    "type": "FeatureCollection",
    "features": [
        {
            "type": "Feature",
            "properties": {
                "Hidden Message": "Made with <3 by IMFA"
            },
            "geometry": {
                "coordinates": [
                    [
                        [
                            -90.00471098769766,
                            38.788347413276256
                        ],
                        [
                            -89.98943804010212,
                            38.788347413276256
                        ],
                        [
                            -89.98943804010212,
                            38.79768119585742
                        ],
                        [
                            -90.00471098769766,
                            38.79768119585742
                        ],
                        [
                            -90.00471098769766,
                            38.788347413276256
                        ]
                    ]
                ],
                "type": "Polygon"
            }
        }
    ]
}