{
    "type": "FeatureCollection",
    "features": [
        {
            "type": "Feature",
            "properties": {
                "name_en": "SIUE Test"
            },
            "geometry": {
                "type": "Polygon",
                "coordinates": [
                    [
                        [
                            38.789566,
                            -90.004112
                        ],
                        [
                            38.789566,
                            -89.993297
                        ],
                        [
                            38.797761,
                            -89.993297
                        ],
                        [
                            38.797761,
                            -90.004112
                        ],
                        [
                            38.789566,
                            -90.004112
                        ]
                    ]
                ]
            }
        }
    ]
}